path,source_group,label,width,height,mode,pixel_sha256,file_sha256,dhash,original_split,split,id
DB - Copy/training/Difetto1/RRT-22R_Img3_A80_S2_[2][27].png,RRT-22R,CR,227,227,L,71f262d0f4d3aef9486b00919a25959207fbc3c62ff62f3407e57aab0bd6491f,09f0745c45d6d8efbfcd068c9be43a951316b0a13a56c222a70dbeee5e7d4715,10849041589665871573,training,support,support_CR_001
DB - Copy/training/Difetto4/RRT-27R_Img4_A80_S3_[6][31].png,RRT-27R,LP,227,227,L,50b4436d82710818da5da0a89607d26a254ed723903f3162988dc4248ab1cd59,3d30a3d982312b797413d3bc3e6d4454f0b8ab6844a09a8df46d6d0ee8f12c2a,5570164540351933779,training,support,support_LP_001
DB - Copy/validation/NoDifetto/RRT-29R_Img1_A80_S2_[1][48].png,RRT-29R,ND,227,227,L,76305dbfa3c7c678b40849798844ac748f29ccf361069c0550a55d2cfde73121,ec7f0cb9f7f2f3e09bc4268f3bf0c515e66cba885cb301dfc8a2bc176d3d6020,5782698097100980226,validation,support,support_ND_001
DB - Copy/validation/Difetto2/RRT-27R_Img1_A80_S6_[4][29].png,RRT-27R,PO,227,227,L,827dbbbffa266fefaf47f11a85953e99425e1b84c50b40454235caf9140cad77,1c6bb87e7d5f9f71e8bc3b9f01965f4dde29663c3f92a620acb0765ebfcf6566,11606084551914819649,validation,support,support_PO_001
DB - Copy/training/Difetto1/RRT-13R_Img4_A80_S4_[13][5].png,RRT-13R,CR,227,227,L,452c9626f9da6cee461663983304e8676a79305b58d6e25516824efa47faf84a,607decbf2adccf205546449e0fa3ec4b7d647020b25eb049744ed25a62830301,12875261980872556539,training,validation,validation_CR_001
DB - Copy/validation/Difetto1/RRT-13R_Img1_A80_S4_[16][4].png,RRT-13R,CR,227,227,L,496b599b74a9b08bd2f67c09a644302223872b0ab3ad32df206c7961e859dcf4,397104b2bec98c128cc51b61c8a2a962fb72451aa627462ea3ef2d647b6623fd,5123970596294430554,validation,validation,validation_CR_002
DB - Copy/training/Difetto1/RRT-13R_Img1_A80_S4_[16][49].png,RRT-13R,CR,227,227,L,2099bbe0215227b44f88a2b7e0a02a0a8ffbbed0332e2d5270c0682344f5f2b5,42bc0e68e146fd21279188e48197c93420fcb4acf890304a3c71f96c55a2e4be,17274717471850579428,training,validation,validation_CR_003
DB - Copy/validation/Difetto1/RRT-99R_Img3_A80_S5_[18][14].png,RRT-99R,CR,227,227,L,f1969dff8d35b89813438815d5e42edf2d8d7bbc532202b918e8e69da38857a0,5dc25edc92f140d9bdd9d8f9bebcd51bf2df76c71189221b7f310617f2d8ae77,3171949232876028803,validation,validation,validation_CR_004
DB - Copy/validation/Difetto4/bam5_Img2_A80_S2_[6][20].png,bam5,LP,227,227,L,72fec6e9a7fa2636bf4d1689793f7f74688fc6d741972dd6336da9f581c432e8,d9f3eddb93f452b6a028ceba175c720d10ba882cd8fe9ed65cfe1eae7cb8e551,298469441300103296,validation,validation,validation_LP_001
DB - Copy/testing/Difetto4/bam5_Img2_A80_S7_[11][5].png,bam5,LP,227,227,L,619c300fde55c0a73fafbc9805b5c942a65bd154b21506a1e6eb9f525ed0cf09,3c140e4f25ce6d15bdd996f8ac6ab52aa4e1703d06e3bd4ce10db8eb872c1d0f,2387192649320964865,testing,validation,validation_LP_002
DB - Copy/training/Difetto4/RRT-24R_Img3_A80_S7_[5][34].png,RRT-24R,LP,227,227,L,54f5ae910063378b6761f3ab71debf6dc7cd3768c92957222c90762c98491192,5692de05fa7fb7bb159380f5354ef713677224a187a6e06bb8803b1f95bb6087,16508571233870991544,training,validation,validation_LP_003
DB - Copy/validation/Difetto4/bam5_Img4_A80_S7_[12][32].png,bam5,LP,227,227,L,f0d52f616dc20209a1130529b27d2e25b643015fea3235a5eb8fde81a30fa813,ac3027d8974104da1dc3a3283242140e12b77afb509ea265f1b31bd11ad79f18,9226782784293488844,validation,validation,validation_LP_004
DB - Copy/training/NoDifetto/RRT-107R_Img1_A80_S2_[22][14].png,RRT-107R,ND,227,227,L,a42d070e174a2b4342a0f1410d648077bb3b3bafcb7b7c69d26036cb28216f55,e13f5421d59872749e5fb08901af60608b67606c8110c735e18d9a92d453f0dd,15537184855310948812,training,validation,validation_ND_001
DB - Copy/training/NoDifetto/RRT-13R_Img1_A80_S7_[17][55].png,RRT-13R,ND,227,227,L,86512dd6fa21be3d52d9b27918d7bec7b6207978be7bef6faac826a41ec768b4,5c59605896293d647f496c29ab7704bbe36706453c0d0e83f0d9cbeb207c8f8f,108438235064041602,training,validation,validation_ND_002
DB - Copy/training/NoDifetto/RRT-13R_Img1_A80_S7_[18][24].png,RRT-13R,ND,227,227,L,a1e6786037a589d8725f9727b34f8a7332704770f3db76278aa8931d8514273f,cd8786b2e9e98d49ff66db793b3609142e0cb32e3371a385c21a3dcff2f7f6df,3751560274668425292,training,validation,validation_ND_003
DB - Copy/validation/NoDifetto/RRT-107R_Img1_A80_S3_[5][6].png,RRT-107R,ND,227,227,L,f3ff8326fdb422d7a20b23f4bdaacc6d0941c5ced0787d6333ac41ea5fa201a7,b00fff4595f07f758985be9589256d08cc5bb0d1e2707c664c6977b285c67019,12964980675428166443,validation,validation,validation_ND_004
DB - Copy/validation/Difetto2/RRT-107R_Img4_A80_S4_[7][26].png,RRT-107R,PO,227,227,L,e8f2657af68aae928d6cbc195d2e153a0c15c5281942fe053feb945c26afbc0e,c461a49975026d0a4168349751c6c9071eeb68613ef83bb5bd70ec9e585f106d,6437773295963917850,validation,validation,validation_PO_001
DB - Copy/validation/Difetto2/RRT-107R_Img2_A80_S4_[9][13].png,RRT-107R,PO,227,227,L,403c454b620bc3bf833f0efe7348c0cb49454f23a038243c28d625d204deb4c3,16cd0189d5a2ea132176f077f85e7e04b9549c445d45b27e3e0a7437b75d3aea,12670203064743771196,validation,validation,validation_PO_002
DB - Copy/validation/Difetto2/RRT-107R_Img3_A80_S4_[19][8].png,RRT-107R,PO,227,227,L,83d7fbf02537b7ba9f9814c9d22226702737fecb1ea83b584aee551c8734cd6a,856af74474bb3044fe893197a9f2974a352f83d5ec24db35c6c46fe4428a224e,11638539932451546550,validation,validation,validation_PO_003
DB - Copy/training/Difetto2/RRT-107R_Img1_A80_S4_[9][23].png,RRT-107R,PO,227,227,L,8dc8305a8e945195205f4c04c36955a3e4665d8e48173b5cc763f0eac722ae7b,b9968b13efd191c06f4097d8eb447428020320a66a8808f1f02ad8f15c03e11e,2554216972770575305,training,validation,validation_PO_004
DB - Copy/training/Difetto1/RRT-30R_Img2_A80_S1_[6][42].png,RRT-30R,CR,227,227,L,c5b5e99de5f57071543ceedd13d2d38a53216ffc59fb1daf4a43fde1c4da25eb,5efc6203201c00a683a5818454b48b0f0c7687896b8a42fd63cf38a1171091e1,2686231145011346910,training,test,test_CR_001
DB - Copy/training/Difetto1/RRT-97R_Img1_A80_S2_[2][5].png,RRT-97R,CR,227,227,L,70bb097f87115c4e337e147d2d69ba24f31255e5578de50e86cd3e5e6199ae2e,bf17d47b40b52c4a4eb6d5e71c7d1b56911d499249082baa0c027ba0ecc6cb1f,565161895266054,training,test,test_CR_002
DB - Copy/training/Difetto1/RRT-30R_Img3_A80_S1_[3][71].png,RRT-30R,CR,227,227,L,fa35cfd3ef714f66701bab5fdb36d39dfc5bc357f6b57359780e184adc2267d2,edba8e8e0eb139bebf0172681cde2f0fa9caa5ee18faa4a1b5a8c210b1aea939,13893838637534841305,training,test,test_CR_003
DB - Copy/training/Difetto1/RRT-23R_Img1_A80_S1_[11][16].png,RRT-23R,CR,227,227,L,2feee6b9e40ff6ab8884b9a95f2ac00ca3fe46525c3abf2fe96373ee9d13d276,d0a5fa6fd31c86320441936e4e5c5234c7d644f35ef893f7f4b12217c15ecac1,885037085562642946,training,test,test_CR_004
DB - Copy/training/Difetto1/RRT-23R_Img1_A80_S1_[11][15].png,RRT-23R,CR,227,227,L,17be9edab69412c5b9ba5b148641af26632b947625b0b191eff4e91a4096968f,62a88f6a80ef8d53a3cd0911c6098cff300a046e04c977f12e5339e7f576fa18,514719073330909441,training,test,test_CR_005
DB - Copy/training/Difetto1/RRT-102R_Img1_A80_S8_[5][4].png,RRT-102R,CR,227,227,L,6afaf53b8abe873541ea702976ff61d3cffbd2215861582db48f367f58445c22,b8efc5db685743787c506415573ccc2a39fe0598c21d87126d3bb81e307a6b7b,2666422508999361427,training,test,test_CR_006
DB - Copy/training/Difetto1/RRT-23R_Img1_A80_S1_[12][17].png,RRT-23R,CR,227,227,L,b3d0a997aa9bd6025e9012663cd0cd2c2279b4a8320e9f3cf091b792d30cf949,cece0be8372b5f01f90fcb29a734614ac60897ce3ad5d94b956390e99f878828,10416848564201457028,training,test,test_CR_007
DB - Copy/training/Difetto1/RRT-30R_Img2_A80_S1_[5][61].png,RRT-30R,CR,227,227,L,1400213d2eb849170101a1f2ca70e0e3e766776f09e34a4a08c409d7dbf1c42b,82a359b880baca8407cde01bac5de9d0e58643db8ea1a2ec6bf0cb68f6fc0fab,15909899438149971425,training,test,test_CR_008
DB - Copy/training/Difetto1/RRT-102R_Img3_A80_S4_[30][10].png,RRT-102R,CR,227,227,L,d63f31abc8043bc9a35b956ecc740dddba3c9140617ff2cc0cbaae5c5c30f98d,dcb79f2d23977acb7566230c0694f9d22546f5526bbbd00693b8b975732b8d53,5135865587792430596,training,test,test_CR_009
DB - Copy/training/Difetto1/RRT-23R_Img2_A80_S1_[7][17].png,RRT-23R,CR,227,227,L,5f608575fc6e2ce281034ecaded8d5a3ae70f91d3c189a92b9b7c2b5b816e9c1,99db8e5dd003da25b0762412230a2e6fb29c286108c57d7ee8e4a8e7cba0ce50,4042289731857649684,training,test,test_CR_010
DB - Copy/training/Difetto1/RRT-102R_Img2_A80_S8_[21][6].png,RRT-102R,CR,227,227,L,b185641db9d6de1d1d9b5106c7358d0666c0453700aeba39275565f521e0c3eb,cadbb127bafe0170855894d66067e23cb155faa157ccb6651d9e3aca76dfdd6b,1846365134499849767,training,test,test_CR_011
DB - Copy/training/Difetto1/RRT-102R_Img3_A80_S4_[17][9].png,RRT-102R,CR,227,227,L,497e7c9664e98223f6f2d1e197bb8f12a662d4aa08563fe3c024f1173acd5f2b,8bd4931ab96a4789164ba81628e82b6da2463ec0046026595151c3d4c321c45f,11990383378406180387,training,test,test_CR_012
DB - Copy/training/Difetto1/RRT-30R_Img2_A80_S1_[5][50].png,RRT-30R,CR,227,227,L,2ad63bd2102b9ae93e7b0d72298172e4038ee37574994390a822d350b1ed6976,82c97e18ce4f8bbaf24250d8eb85b42e3bf8bc61d663dfa9e50ca06980c7ec9a,12644179314836841027,training,test,test_CR_013
DB - Copy/validation/Difetto1/RRT-102R_Img1_A80_S5_[15][4].png,RRT-102R,CR,227,227,L,6e6b48e7bf705ef2f21702e0809040c914d4c4b4f5be836af66f8c0aac6c172b,17e64e078c53ce8f4a3965a4556005a7a0da32834a44fe3b2138bc63f6407e91,4869045148414334503,validation,test,test_CR_014
DB - Copy/validation/Difetto1/RRT-102R_Img2_A80_S5_[13][6].png,RRT-102R,CR,227,227,L,83e66cd4beac93288e78ded1ff4a158d613919c8e03292bc0eed33235293f26c,a8022fc6c1b872d9bd5a8c33c1c53e650d14bcc7704c88dfa4197fe20c6e340e,2753825047621504220,validation,test,test_CR_015
DB - Copy/training/Difetto1/RRT-30R_Img1_A80_S1_[2][44].png,RRT-30R,CR,227,227,L,22195a876cb0c5676d8360b48353fcb5dc04cd27eb7c8f36c60cb92d3439ca7c,79eac7a0d8508028f419172f6be67036dc6a5a7ce615559fd0e757f9d4dbab1c,17790538434127078136,training,test,test_CR_016
DB - Copy/validation/Difetto1/RRT-102R_Img4_A80_S5_[13][5].png,RRT-102R,CR,227,227,L,e41f8312750ab2584e81efc2ab616e1e6d827a14004e1285afc6a2932095735b,872689286a34d689e84c8e9f908bdf90d23ab8e92c9ce36226058bfa6b644ed5,1953126433608352878,validation,test,test_CR_017
DB - Copy/training/Difetto1/RRT-23R_Img3_A80_S2_[27][35].png,RRT-23R,CR,227,227,L,458f0e88fb367783bd42c2c9f7c3ac5ec469f6005ea7fd72e059cd4ab9b13a2d,a8a3ab3e9371d8af56c035d53aad6df07babd3d8bcb56f0a99f958b47e1a8829,4052141918422551370,training,test,test_CR_018
DB - Copy/validation/Difetto1/RRT-23R_Img2_A80_S2_[10][1].png,RRT-23R,CR,227,227,L,2943bdb44dc15e962e45f12d5a697b55ff11614aabf74d71b7be2ea0dac53283,25802e41fb261028eb03663105075e197c68bdd190b252e64166cab55cb3af89,2975069330511177623,validation,test,test_CR_019
DB - Copy/validation/Difetto1/RRT-105R_Img4_A80_S1_[5][14].png,RRT-105R,CR,227,227,L,4ff8db99b6c08e860ad4052c4be08b05808972171c8fe152346323e1a79ccf1f,6e82da0e2526748b68d65f33ffae8206365e6866b9bfdd4087d9bbb79f177720,17357137913845737018,validation,test,test_CR_020
DB - Copy/validation/Difetto4/RRT-28R_Img2_A80_S2_[7][19].png,RRT-28R,LP,227,227,L,913b1686dc198c243af094e8cff7e1bab4ef4bcfb3a387964016cbdaf419a91a,179f5dabeb15d5cf6b053846e82ab06c449d265b98c192f5923fb5afa3e1ad2a,5823918620794720848,validation,test,test_LP_001
DB - Copy/training/Difetto4/RRT-42R_Img2_A80_S1_[5][25].png,RRT-42R,LP,227,227,L,e58dcf9a03809cfa36f273555ef38163b07ef578b4f07056424180b46ff0c969,df0a474d1f6fd36564158225987b1daa28ca88a6b3db93cc0a5e5f3819863d02,13690077274442365914,training,test,test_LP_002
DB - Copy/training/Difetto4/RRT-42R_Img2_A80_S2_[5][8].png,RRT-42R,LP,227,227,L,a240746427739ab76755dad9175025de770da885d5ecdcd341687bf93dcb2702,36d7a86e5efb260ad267558015ba8d7d1e3870bd9086d402f3e5726a94afa71f,78548011228400674,training,test,test_LP_003
DB - Copy/training/Difetto4/RRT-28R_Img2_A80_S8_[4][19].png,RRT-28R,LP,227,227,L,d8a1b0e7493ce160dc2bcb0ef478aebf23db5683b2ba32d8244a249a1290327b,592ff27ec173d06487eef1812f4fb244eab8cc8d9b042ef1285f011e2740a4f0,3772764053675980205,training,test,test_LP_004
DB - Copy/validation/Difetto4/RRT-28R_Img2_A80_S8_[2][1].png,RRT-28R,LP,227,227,L,4fc7b032e5c8351285d1c82caf5828d18ab1a7fe2beb4ee72d0bb4a3e149df44,7a17a65dcde562a3c79139f5443c12414fdc42af30c59ee86decdec9890f8aa8,1468323176533993698,validation,test,test_LP_005
DB - Copy/testing/Difetto4/RRT-28R_Img3_A80_S8_[3][6].png,RRT-28R,LP,227,227,L,96eb35c952bdf5f260e7fb0fe5fcbed67a2c413304cea753f429f6fa445538e7,11b92a375f817118f2e0503cbb38a9241a515d315daa8549db3bd3ac2238f618,9227192380695348228,testing,test,test_LP_006
DB - Copy/training/Difetto4/RRT-42R_Img4_A80_S2_[3][11].png,RRT-42R,LP,227,227,L,470d8b160408801ccd6bb000a61498af0dbbb1b5148408c85f3266f138b6aaa1,ac4f47936f6da6c6cbf39c06bb5056021117dbb6f1edf8fd11421811d00f83fa,3572281385075811752,training,test,test_LP_007
DB - Copy/training/Difetto4/RRT-28R_Img2_A80_S3_[5][16].png,RRT-28R,LP,227,227,L,226316c538de23183419b6805dc8238a1ed34f78c336c4ae48c0f4187b7f5c58,eb0e2bb11848b46b7f9f2d060295b7a497f8560b605242e8845fd204698c9d98,9451345903132371332,training,test,test_LP_008
DB - Copy/training/Difetto4/RRT-28R_Img4_A80_S8_[5][41].png,RRT-28R,LP,227,227,L,1d0638d77890eea4ea8083703cb9fa655cee18bd6a7e3ca672664f5fd4fb31ad,7e3dc2cbe3b2185fa7ac700ace75b3f12cbf5fa554a2620b95c009b21e096cfb,836012354214843098,training,test,test_LP_009
DB - Copy/testing/Difetto4/RRT-42R_Img3_A80_S2_[6][11].png,RRT-42R,LP,227,227,L,411af63088c583530bc2950850a1da46e3e135128c2e8c054346bead22d4784e,557cc6ea701ae86ec05722ee58afed3aee2b17c9db03502b8f180cd524132b48,13707584180448401043,testing,test,test_LP_010
DB - Copy/validation/Difetto4/RRT-28R_Img3_A80_S3_[6][23].png,RRT-28R,LP,227,227,L,38915dc246844214432b9d16986c9626fdbda4905ecd97705499787ffb16582a,eba888e62f146ccbf661c2092e6b33ca81917976e5365e34c538fad8100b3b70,8815921010591049348,validation,test,test_LP_011
DB - Copy/validation/Difetto4/RRT-28R_Img2_A80_S3_[6][16].png,RRT-28R,LP,227,227,L,57dd53f0ec0572548658b4c5020f39f24bd2cc78d50e1b5d2ee94a6dac52bb26,274f3ca905c6bf1fd656a71900f123c3dc04635bf7881cfb88fbe619a433858b,2443490893721290137,validation,test,test_LP_012
DB - Copy/training/Difetto4/RRT-28R_Img4_A80_S2_[3][18].png,RRT-28R,LP,227,227,L,3cb0958a6c6cac1c8b444c98bc55db2dd7311319c29739a7bd24192406bc5c2e,cd6fb8ec2971164ae0d25cc3084ceee2c2703b2f3a0770d66009696a2086f405,16823267020147083602,training,test,test_LP_013
DB - Copy/validation/Difetto4/RRT-28R_Img3_A80_S8_[5][40].png,RRT-28R,LP,227,227,L,a816275c68c26c66867236030e75b56683aaf14c4c982aae370d84113803f9da,c983720e5a18db163c7d38ac604f3c6fb2691f4623438d40e2c494e175164796,5497926371192121637,validation,test,test_LP_014
DB - Copy/validation/Difetto4/RRT-28R_Img2_A80_S2_[5][16].png,RRT-28R,LP,227,227,L,be9684b86bd5c455004643292a1f11e050eb8e646bea92a112d9f8486102974e,fe8fef880b2c472d26f52fcfe6e1cf20a9102306542759162fe92c2beaa98099,6506059182461589705,validation,test,test_LP_015
DB - Copy/validation/Difetto4/RRT-28R_Img2_A80_S2_[2][37].png,RRT-28R,LP,227,227,L,ce02e667d177d48807555248b9741ef4eeb1717fdf68839e0dae029c323e1d5b,ce7cd31c913b145667835535c78fb949f14f3014e5c06d3aaf3662069c669e4b,3452535526033695,validation,test,test_LP_016
DB - Copy/validation/Difetto4/RRT-28R_Img2_A80_S10_[4][15].png,RRT-28R,LP,227,227,L,a8995910187359a30c2d8295513ca15c78a94b6858d7c67efcfa8b33b4da0f62,0d28c1af2e86849052c598261160c41c57a07a1d2349c7b36121b570ecb1072d,3160907841397511915,validation,test,test_LP_017
DB - Copy/training/Difetto4/RRT-28R_Img2_A80_S2_[7][24].png,RRT-28R,LP,227,227,L,198be06a9e96e263ec1e64299960093230f77846ddbe3862f990da8bd9a92a21,7cb04797fc286082e0f3699668a7d1c7f9f0467050bfe375e295d5359fe628ae,703067503702233649,training,test,test_LP_018
DB - Copy/training/Difetto4/RRT-28R_Img2_A80_S1_[2][8].png,RRT-28R,LP,227,227,L,190ef9aa29c1e0a3124583f7cf5d0af10039e565548775b27db92a98cade4c6f,a1ee8af945c7c63b7aef327f779c5246876df9588177885de70817434dedc00e,9856586427964555553,training,test,test_LP_019
DB - Copy/training/Difetto4/RRT-28R_Img4_A80_S8_[3][17].png,RRT-28R,LP,227,227,L,cc820a5552a0ce0ebb96bef0f5d1903247a34e4980a7ba272415d039479a0bda,ccdbe703a773bf1347763f9e9f52d39bd154d523b4884e4cca6ddacb95df4508,5426083983806719597,training,test,test_LP_020
DB - Copy/testing/NoDifetto/RRT-42R_Img1_A80_S1_[1][27].png,RRT-42R,ND,227,227,L,5ead45913634ae9e3dd829f6396073b405326ec07968952e86076d1cee3ff9bf,b429c317ca42fe98b94c88a6eb307e937b58c46c627f845fde2deb22a8c5476c,8860392934394476186,testing,test,test_ND_001
DB - Copy/training/NoDifetto/RRT-105R_Img1_A80_S1_[2][36].png,RRT-105R,ND,227,227,L,05c937c2ae09b3e048bc2191ecbf4a691177ac31c7f56f01a579f5ba60aba868,bdbcdab6dbf1a93f40fb10c28f838bdf668cca115ba0fb5a381d05ec1f5cef17,7557858661962934504,training,test,test_ND_002
DB - Copy/training/NoDifetto/RRT-102R_Img1_A80_S2_[4][31].png,RRT-102R,ND,227,227,L,040a5ca46c5932739eda47304f344a5d3988a1cf9aceeb32c78e2fb64f5cf4c3,9a12ba36991ec97eed45017b1d38a04ebfe1f96026aeec817ca7ee75ee2102d8,6844040916718883733,training,test,test_ND_003
DB - Copy/validation/NoDifetto/RRT-30R_Img1_A80_S1_[9][57].png,RRT-30R,ND,227,227,L,2f664f354ea0bbbd899328de69f208e71e672a809f8f512e8cd57cb483268477,f8626f5929f860a6d9fbd4abd50dbec2bfee5929af5bad1f5280c3591b2bbd8f,7554973360156337380,validation,test,test_ND_004
DB - Copy/validation/NoDifetto/RRT-42R_Img1_A80_S6_[6][12].png,RRT-42R,ND,227,227,L,6e0249e389e874b84c4528d9f2784096704cb8348a2a9c652c5657f7f6883277,50cfc61910a427b8bb85decf8f97f0fe92238ad06d55eefc35a0d89e87f97930,5063348151129355587,validation,test,test_ND_005
DB - Copy/training/NoDifetto/RRT-30R_Img1_A80_S1_[9][70].png,RRT-30R,ND,227,227,L,6b038ab3c4e7d8ea72658072574558d30f6ebe39656b51c5f1a80a15496a9644,21ecfc8939c03efcba3bddf527a643015e70752cb714546d4fdf989344887555,4921528498273687625,training,test,test_ND_006
DB - Copy/training/NoDifetto/RRT-42R_Img1_A80_S6_[4][15].png,RRT-42R,ND,227,227,L,21af8785da9db98381fa621bbeada157637a1e6acdfd8baed14743e6eb915869,8abf70c693c6212eaaa1bb0287dcf92271f8b725d03e6c780801487e98e040c4,2681093293639050545,training,test,test_ND_007
DB - Copy/validation/NoDifetto/RRT-42R_Img1_A80_S6_[6][8].png,RRT-42R,ND,227,227,L,2e377a9a01bccdec043bfe120f179067fc61150a4fbf0df3bedef588cb23da7b,0ea3981458d2de8bc6fdb5b2e9f8d5348cd3216709744e1d504c83de79818b17,10996259037029409076,validation,test,test_ND_008
DB - Copy/training/NoDifetto/RRT-102R_Img1_A80_S7_[20][5].png,RRT-102R,ND,227,227,L,9aa3901cffcfd6b3ad9ec56e86a04f9c3bcc97b7af3570e9aefbc74076b76b48,592bb3f84b54fd01e6ce53f7a041cc43709cc33d496c13cc7240089629297382,10460185536275915858,training,test,test_ND_009
DB - Copy/training/NoDifetto/RRT-42R_Img1_A80_S1_[1][25].png,RRT-42R,ND,227,227,L,2666152e82409b4803d687d473fa91d6ac0a0b533f9952d4cfc7948675313f3f,46a073e1a9daaebbd2c649b88fd25cb5f814a3e0f126bc63898413ed95c2a592,6791004211459157146,training,test,test_ND_010
DB - Copy/training/NoDifetto/RRT-102R_Img1_A80_S2_[10][25].png,RRT-102R,ND,227,227,L,205ceed38da3993607299ddb00f7e70dbbfe4468889ddf9b1611c7df17a17725,4296334525670882983e4ea8217c97e241fd8f95e7e465ece68e060d11a926b0,3250061079908534434,training,test,test_ND_011
DB - Copy/training/NoDifetto/RRT-30R_Img1_A80_S3_[17][29].png,RRT-30R,ND,227,227,L,60c7662eca565f3a82daaa901a73c010abf4d916743b143f21da34aaadcddd94,eddd665120e242234004fa719536e6fea19db275497c784fb44f23a38a271b9c,18016607200682284,training,test,test_ND_012
DB - Copy/training/NoDifetto/RRT-42R_Img1_A80_S1_[2][21].png,RRT-42R,ND,227,227,L,7e234eac5934606d3c6824e8faa195b81730842a9712ddeffea02a80e7fe2296,be6a117e80825af3aa34e7eb73a4b533ba37b05140aa4349f4cfc9b55c5a2a0b,9454013746864573882,training,test,test_ND_013
DB - Copy/training/NoDifetto/RRT-102R_Img1_A80_S7_[13][6].png,RRT-102R,ND,227,227,L,557a44ac52d2fcfa78f7c1317a9465362238d463fcbbf209b86f5c85d8c16dc2,173e463eb089fdaf5a1a8befca54a2b9573c4b09e8993e324ed177863c889b3a,7861503016280460579,training,test,test_ND_014
DB - Copy/training/NoDifetto/RRT-42R_Img1_A80_S1_[12][21].png,RRT-42R,ND,227,227,L,a92973311099ded8061e418fe25c8116d9cba0fa902a33743e0950e882669acf,15e2b729523f5f3eeefd023b50a470df5c57ed8b90a44390415a8c743367cbad,7347580640748493156,training,test,test_ND_015
DB - Copy/training/NoDifetto/RRT-102R_Img1_A80_S2_[5][38].png,RRT-102R,ND,227,227,L,93a5065b1f3cdb82ed7e36d4c07a152dff94ffd3955238fc8c17c703ccc1ba04,003f197c309ddb374e262567ff6808352035fa9f73702269d201cdecb34d4ed4,12243407693680874127,training,test,test_ND_016
DB - Copy/training/NoDifetto/RRT-42R_Img1_A80_S1_[13][22].png,RRT-42R,ND,227,227,L,40a8fc3e7ab1b81004863d66658c6217df31fc42309f6a63f20993fbfaa2afd7,3c13c442140b2b01a5a21912ef07473414670454df2f7c52d2aa5e18b703dcfe,17164998073189124595,training,test,test_ND_017
DB - Copy/validation/NoDifetto/RRT-30R_Img1_A80_S3_[17][27].png,RRT-30R,ND,227,227,L,9f0ad7a22b2ea9c22192987174392889f70a9765f5e639c20b810e89b58fa427,6ca61f4bbdf17108040b2bbc66dd978250c0772d52b94bd721efd26c9990d03b,2252349704783945,validation,test,test_ND_018
DB - Copy/training/NoDifetto/RRT-30R_Img1_A80_S3_[17][14].png,RRT-30R,ND,227,227,L,26ac076d3cead60125adc0c316f2f598dd3ba75acaacae005c491eeb44ff76c9,0f817c91134b204d8eeec31f47252d4cbf812ca028edbfec96a74a958d56a3a6,10108365099908466692,training,test,test_ND_019
DB - Copy/training/NoDifetto/RRT-42R_Img1_A80_S1_[13][8].png,RRT-42R,ND,227,227,L,6e39c81c05d4033866941a2520df4f752c3f50a48a9f9c41d8e975c8a7390869,46c5236207d057ff2d782a35ca7847f50383fa2de48356457d62144b343f6f58,18085890666729961215,training,test,test_ND_020
DB - Copy/testing/Difetto2/RRT-42R_Img3_A80_S3_[2][27].png,RRT-42R,PO,227,227,L,aad54a29aabebbdfbccbdc1adba769f8ce701452045aae323220d8ca83f2c511,b2095becb5b50d03c7dffbe6f0561474abeadfbe6fc9c8b745e7c15c28664edf,3697589270437345689,testing,test,test_PO_001
DB - Copy/testing/Difetto2/RRT-42R_Img2_A80_S3_[5][34].png,RRT-42R,PO,227,227,L,86a01fa92ece83f3b4d8280275ba8d58491d86466ab545b8c3e77e772d3ec1de,5253b02ba61c343eb6e187488e0111e35be5cbef6c164c3ddbfbde6667879620,9021899844082283363,testing,test,test_PO_002
DB - Copy/training/Difetto2/RRT-42R_Img2_A80_S3_[2][21].png,RRT-42R,PO,227,227,L,3d4445ef6be4ac05afec2d72e69314f2b483657869ef3bf5e40f9596eaadf3a8,c8e6148e5394f635586a1251d2f3d66c4424bd62520a549d1639ef8d1cc191fb,5923654951045798559,training,test,test_PO_003
DB - Copy/training/Difetto2/RRT-42R_Img1_A80_S3_[2][18].png,RRT-42R,PO,227,227,L,16d5e0c77f9255843677b5335cb066d6955b2a6bf32d78cca9153280885a5a00,a72b3e2ba2eabbbbd606be88adb0e92a6c1ef84a0d7490597d4e5a18b8c084ea,730287377915876243,training,test,test_PO_004
DB - Copy/validation/Difetto2/RRT-42R_Img1_A80_S3_[5][25].png,RRT-42R,PO,227,227,L,4c01d67c4e38317535796bb8c75e8163e8a97bfc6faff222d2b1a336b666c0a9,eb05690eb7a6f7e8f55080332ad18ed24aba6e634f01f98cf5c5eabfa2fa9753,1599346471189712914,validation,test,test_PO_005
DB - Copy/training/Difetto2/RRT-42R_Img3_A80_S3_[7][19].png,RRT-42R,PO,227,227,L,022862417e00e8644643a03bd566af67cd729fa9135447f502d51d1052bf2d6b,169643613c52892bf4007c16f324135030fdbc2b13b7adce9190b37ba9802af7,4622424437683135490,training,test,test_PO_006
DB - Copy/training/Difetto2/RRT-28R_Img4_A80_S2_[6][45].png,RRT-28R,PO,227,227,L,2ea30d11b1149b66969df6856863e444b67364dd3d4b8f2130130be4964ccd4b,83bb839d3d581b5fd857439133c3885a28523dea47cdc47536fbc1b3df874d3b,4909095384499104685,training,test,test_PO_007
DB - Copy/training/Difetto2/RRT-42R_Img4_A80_S3_[8][22].png,RRT-42R,PO,227,227,L,3b6d04f207b33b7f2956b4d79da8c9609d8eaf806d994584dba7a9e1286fbfab,33a7c9e9597568a267e9149ee32b06605948d7ddf1343d5a94db95ae416049a6,2607022931383301559,training,test,test_PO_008
DB - Copy/validation/Difetto2/RRT-30R_Img4_A80_S3_[8][29].png,RRT-30R,PO,227,227,L,2aa526c954e8baeb233144b7a70c0f21d4a74024d19a3941ea304e3aaf6f165a,292d6804f8c55f75c73f530a887bf54a088a0b5be7dc5dda986185261b0cbda6,3028057044862592100,validation,test,test_PO_009
DB - Copy/training/Difetto2/RRT-28R_Img4_A80_S6_[4][4].png,RRT-28R,PO,227,227,L,2ed87399d66b54e1c90921afa98009ad88711223d64cc0819c66d2092ca2c8f9,d3ccc2c3f959f3d19bbca9fdfba9eb4f6531ba2ddda71a66e4056163feb88a9d,1875611905025836822,training,test,test_PO_010
DB - Copy/training/Difetto2/RRT-98R_Img3_A80_S3_[11][10].png,RRT-98R,PO,227,227,L,ec715d16a67eaeb73f56b74f64cb98ae03ba9797338a4d48cffb9e5f1f18690f,35b97250f42c5b293b3bfbfa7e2f5b58f9e59e220a0bb85b684749be2d1cbea7,14406431311247603768,training,test,test_PO_011
DB - Copy/training/Difetto2/RRT-28R_Img1_A80_S2_[4][42].png,RRT-28R,PO,227,227,L,205688990c25114c41d736c225d0fa6248425fcc09db976080cbbec5c4573c50,e9f62a668f8033d16405b7c73bb4cf85986aff0831aa6b3227351c34ace08179,4503892545373754,training,test,test_PO_012
DB - Copy/training/Difetto2/RRT-102R_Img1_A80_S6_[6][26].png,RRT-102R,PO,227,227,L,c4b90c39ae53f0071752507a4a62da6a2e0360e59e8def9d47b55cbee1498884,913f76b94a4c46a67690a23f76a89870b523d623e821684ef2dccb1362f06457,3194799497700183172,training,test,test_PO_013
DB - Copy/training/Difetto2/RRT-28R_Img3_A80_S3_[5][39].png,RRT-28R,PO,227,227,L,e73c4f7c9a85cfd07203b98dcb34d3f255ad14557c24060813b3b157022df317,c4c971b76d3473ad1c6476522ef4b870c3282c4fa294ed455710517b654109f5,7000391760568599594,training,test,test_PO_014
DB - Copy/training/Difetto2/RRT-30R_Img4_A80_S3_[7][33].png,RRT-30R,PO,227,227,L,bd391c967298790a7409e002393e822888b7f8d34dcb970a3eccfc94a1804051,1bb853b9d374a0bcaa76b9d93e5e576f090226ffe65ff38ee9741abc1463151f,12001165228650560713,training,test,test_PO_015
DB - Copy/training/Difetto2/RRT-102R_Img4_A80_S5_[3][14].png,RRT-102R,PO,227,227,L,afac723d1198b0c817a556efc2abdf7769fd33fb7897e8935464452cbeac1d9d,693f8062f7b03bf1dd36944b24cf5fb730111d5c7b26d5016d6dcbbc3ae96518,7776272208212205391,training,test,test_PO_016
DB - Copy/testing/Difetto2/RRT-28R_Img2_A80_S6_[1][11].png,RRT-28R,PO,227,227,L,bd13e69b5be002b7be5f3648402b629fa338f547a9dc47127995a455bb8ccbe2,12b770809f3a271d98bab4d210e3683a702425ae59efb3d47c6a0b3d4edc20e9,3520812145409194489,testing,test,test_PO_017
DB - Copy/training/Difetto2/RRT-28R_Img3_A80_S7_[1][15].png,RRT-28R,PO,227,227,L,2a26b9793fdee4ab1f0d3c6a4cb2504c0e0903320236496f5248bd657670f7b3,e203362fe1b0f813adcb43565dab312957c47effb7db79353d44709b7a3ebb76,3054501731590642228,training,test,test_PO_018
DB - Copy/training/Difetto2/RRT-42R_Img3_A80_S3_[3][9].png,RRT-42R,PO,227,227,L,c3ef923f84af90259330cc237ccbdbac4a403a0fa879a73abddde93dc9eb7254,2c29a29a3ad90c8621134d6fdbc8a938cb3b35257daa5c4ac7c39e9d495a95b9,15977274886705690864,training,test,test_PO_019
DB - Copy/training/Difetto2/RRT-42R_Img3_A80_S6_[9][9].png,RRT-42R,PO,227,227,L,9ae95567df0552f040a979e7d957ace21529b23ce67cc41cf86cde9f589aee34,e6becb516e0ea67ab4b4a056f5ff5fe663529680df0cde5b55931ce3536a2ae6,17206959253947171876,training,test,test_PO_020
DB - Copy/training/Difetto1/RRT-94R_Img4_A80_S2_[3][44].png,RRT-94R,CR,227,227,L,755e852214285127ebbc5a66dea6e5fc3e5755f07555c33c4c2e22da1e0cc6bf,cdf57ed94dfa6d28a518f0eaed6c2cc26351317c272cd24cf1e3ca12b4f444a7,18157347197785061880,training,application,application_CR_001
DB - Copy/training/Difetto1/RRT-40R_Img4_A80_S2_[9][17].png,RRT-40R,CR,227,227,L,7461271e59dfb84d7a20c4348a24b063515ed510276aee426de352ba3619e6d0,15ae31c0614529e554c9a2e727677fe4f9d97b57635ff9ff6ff1ca77a03f280a,5429986472744772063,training,application,application_CR_002
DB - Copy/training/Difetto1/RRT-40R_Img4_A80_S2_[8][29].png,RRT-40R,CR,227,227,L,59765497f7c44306de211539af91f037b6051805a1e7d11ce591bd9436e81609,ef6d91ee1cfcf435a2d88cfe93a200e5cad5d7ede5e059a6052af9310e79bb8b,8414627362854182619,training,application,application_CR_003
DB - Copy/training/Difetto1/RRT-101R_Img1_A80_S1_[12][8].png,RRT-101R,CR,227,227,L,78f24fbb70f1b08c542bc99010016cea99a8e05ea16f424aa0d6242cea1244e8,72b598238128446387d826d6897c3cb7f6116ad5f8741d518af0997078fbd229,154604822774384130,training,application,application_CR_004
DB - Copy/training/Difetto1/RRT-101R_Img4_A80_S2_[22][11].png,RRT-101R,CR,227,227,L,a8e94af3b2c392b8ffe37250c3dd59e217c980a9cd46ec9cdd8d68501587b6d6,ccd9f77373999e98d4e105b9f0791feeb0675a0da13ae72400716e41a066068a,11392450205739675746,training,application,application_CR_005
DB - Copy/training/Difetto1/RRT-88R_Img2_A80_S4_[26][16].png,RRT-88R,CR,227,227,L,3dc7352c8014c222d42b65e8683f87decde9327d5c32449d07e0c9e13254d850,7535f5d4bd842516560f20d410b59342a324e268b14b20c27c739e08fcb7611d,17923266621599808728,training,application,application_CR_006
DB - Copy/training/Difetto1/RRT-94R_Img2_A80_S2_[4][15].png,RRT-94R,CR,227,227,L,6b6d72c1f9ddd3b30e79bc375786f722ce5ebaad729035b2088e6de9fb7b3415,4ba574d2a22282b1aee6306954d4d0e7a9ec5a694c2a1eca0cb6103db934c441,13907398356969195277,training,application,application_CR_007
DB - Copy/training/Difetto1/RRT-88R_Img1_A80_S5_[23][24].png,RRT-88R,CR,227,227,L,687f96a7eabb245de462b7e331d10918a3074f9ad193dfb3d0d1b1eb4042a2de,6dd978dd7770df276cdb095ffadf3c2378af9139062a2379ef7958faab1ea88b,14425612347638878464,training,application,application_CR_008
DB - Copy/training/Difetto1/RRT-101R_Img2_A80_S2_[19][8].png,RRT-101R,CR,227,227,L,8f3f93ace2d0fd7e2e41521b2225b9c51b4488bcaa7b10da78b23e83b2bacde6,3ee08fa33158b8d3dd3715b5a79f3fd0b357e47e41792fe2eae1ddd30dd33eec,4774804698991526215,training,application,application_CR_009
DB - Copy/training/Difetto1/RRT-94R_Img4_A80_S3_[8][27].png,RRT-94R,CR,227,227,L,e5077069b657d69d7af160e771757fd72a23c416f081fad9132b6b6c9b2a1242,70d9a4eeeccd4ea7ce4d6bc21248e75fb5c7c635fe5e86feaae2bac1b844f418,16965569895977611573,training,application,application_CR_010
DB - Copy/validation/Difetto1/RRT-101R_Img2_A80_S4_[11][7].png,RRT-101R,CR,227,227,L,8ffd773d13e55717b6d80bec50dbbffa42fda8829b35742d7ddd3d4b3b61d478,847596d49359cc461c832065a6d5a46bc7273f59b4c37dfaef47c0798b885279,799992622083618874,validation,application,application_CR_011
DB - Copy/validation/Difetto1/RRT-88R_Img2_A80_S4_[23][17].png,RRT-88R,CR,227,227,L,9acf7891be322226ddead2df177629e4030b761f30ab4f275a77a73bab382e13,1a9b25bcd5ea4394afc62bc73e73f911ab487d47aeedddc81670d3fbbb40ced7,13961637078593245127,validation,application,application_CR_012
DB - Copy/training/Difetto1/RRT-101R_Img2_A80_S2_[23][11].png,RRT-101R,CR,227,227,L,44e2cd8adcd5f1364d9b3b658ac3bfc41d43d2ab60f804d455acee56a7f6ed8e,cc716f12531af8b0184499ff576df13b38cc2fc5b221ba84a5245eadb41fdddf,2170482383881140855,training,application,application_CR_013
DB - Copy/validation/Difetto1/RRT-94R_Img4_A80_S2_[4][48].png,RRT-94R,CR,227,227,L,edbec10161de4b80b7452b937fec11c2475e6fdf72371c411af4d5ae15ebcccc,c789163bc64d8443b0f8ba07141086f45762f498c05e202b1ceb019f84f32a18,17922485095839045798,validation,application,application_CR_014
DB - Copy/validation/Difetto1/RRT-94R_Img1_A80_S3_[5][28].png,RRT-94R,CR,227,227,L,6f76c205b2777d44f0d881059b4c7cafd302b23f1ea5f4df891caa8d7c699116,ba11aa8d1d8668d57651234f2d2396553142887280880b47908d7549aac634a0,6187619980579625866,validation,application,application_CR_015
DB - Copy/training/Difetto1/RRT-88R_Img3_A80_S4_[28][15].png,RRT-88R,CR,227,227,L,dcbcf0e2d4cb14f376912b2cda6c8a61c309f01dde0ffb1287a3e6c6e2dd0402,b161fe62e32d19cb856988a31be187046e3f9550f93ca7e2802718237610364b,10341373608867948150,training,application,application_CR_016
DB - Copy/validation/Difetto1/RRT-101R_Img2_A80_S3_[23][1].png,RRT-101R,CR,227,227,L,7d1b3e8dba9b16ab5ca8fef3b6e6038503b02ea0ddeb5e5b0929f494c9b5b67d,1417b5b05fe185659211f61c9cb7d1f91f38a973a11d65eefcc8e1d4f2f09fac,7152139825973233422,validation,application,application_CR_017
DB - Copy/validation/Difetto1/RRT-88R_Img3_A80_S4_[30][42].png,RRT-88R,CR,227,227,L,85007ff5a743ab64898a84829e4ead5d4accd77ae093ab9dba61ef9de2489580,33b5dc94e4f44435971628c9787115f5dad5a2afc95ca0218ba0ff089df2d78d,2739543939129883495,validation,application,application_CR_018
DB - Copy/validation/Difetto1/RRT-101R_Img2_A80_S1_[22][2].png,RRT-101R,CR,227,227,L,f23b8158b614570f61abbf747474e8b48235d6c104a08f5197b7dd2c1a3303ee,4921a014aa5ec953fc238141faa7590fdc3a0fd8559c428bfd52b134f8b6282e,4665887921660011521,validation,application,application_CR_019
DB - Copy/training/Difetto1/RRT-94R_Img3_A80_S2_[7][44].png,RRT-94R,CR,227,227,L,c516e44f290bca8bb469fd6a7e28b1718a7c4491dbe98f02b112c9e7dd22e6a1,e60156c1a3fda60a026bfcdcb36a30bda9fcee1711eb5572a85dbd7d7262660e,13505661944383405035,training,application,application_CR_020
DB - Copy/validation/Difetto1/RRT-101R_Img4_A80_S1_[26][4].png,RRT-101R,CR,227,227,L,98fa072a86f00a9672e1c8b0f66e9f8a545f22c8907ac1a420f1e3a06bb56fa5,7db9c86b36237a53cd9b27cb062c7d4b862da5ed865f268987398f00496c72e0,6004044077213818428,validation,application,application_CR_021
DB - Copy/training/Difetto1/RRT-88R_Img2_A80_S4_[24][36].png,RRT-88R,CR,227,227,L,e81b95db59f71e5a20d6cb470555154880cf8ddf25597dccae11ca273282fa50,b06cbc3dff842a2975c985d8ec48788e1200181b31534ec18d290aa522c681c0,2613793165121034270,training,application,application_CR_022
DB - Copy/training/Difetto1/RRT-101R_Img2_A80_S3_[11][12].png,RRT-101R,CR,227,227,L,c5e420104a59a6f641b24fa3f1f8cae92c7c4c1fd6dc785bc995f4a0e58b6067,d9c279cc0c6b6f4464fc275694cbd3ca1113f83bb63b8ec57aeefa188b130a86,4777055329507824611,training,application,application_CR_023
DB - Copy/training/Difetto1/RRT-40R_Img2_A80_S2_[9][79].png,RRT-40R,CR,227,227,L,4d72ec0dc5ccef6b3a0a2245a5fed0b7eb00254bcaf4cec81a354ded5e3eef1d,c56990dbdc086ce255514d9df68a42791c963f1edd6a51b382e3d5c85bf46680,756928024204064946,training,application,application_CR_024
DB - Copy/training/Difetto1/RRT-101R_Img3_A80_S1_[20][8].png,RRT-101R,CR,227,227,L,b4f3538bdf16bd07e677050ee4759b829def737e4cf76cdeb0c81d4d4f840d30,436ad758c683907f5ede4e88860d399a0abf0826ecf29536506eef87a2cc1764,2528320852347157090,training,application,application_CR_025
DB - Copy/training/Difetto1/RRT-88R_Img2_A80_S2_[6][20].png,RRT-88R,CR,227,227,L,8b9f1baa6a960f4a9df3d7444064666e2908cdf296dfe39c6584f0db8e015f1c,19a443d3c561184cf35ebf934d1e3ff68db19b0763fdf14904feb7b4e71d4c6b,108368420560519233,training,application,application_CR_026
DB - Copy/training/Difetto1/RRT-101R_Img4_A80_S1_[12][10].png,RRT-101R,CR,227,227,L,64b8fdfcbbc67a831b30ce96843708b3115d0043f0b57f6cb9b4ff9395c2d144,3908d51e7cac0cbcbe0152acf972cb757a83c6ba272372e4270b295b6567334f,3149160948478515256,training,application,application_CR_027
DB - Copy/training/Difetto1/RRT-101R_Img1_A80_S4_[13][4].png,RRT-101R,CR,227,227,L,d1cc94e7de18a0eab66ff28a785f347fa782eca129691a2b22b11d37d48c34be,b3a8b62fc380d7b0cfca46d91db1951397bd579eefa01ca28569dbcd4aefa9d1,2467973710460979979,training,application,application_CR_028
DB - Copy/training/Difetto1/RRT-94R_Img2_A80_S2_[8][39].png,RRT-94R,CR,227,227,L,c77227859e6974fd9ce05b170dcb33f6382cded709827120d4c43e3ce2fec35a,7956b269bb0b5eba2fc507eaa2026e1b38e71013815fd942539927bf4400fa33,17236120050632998895,training,application,application_CR_029
DB - Copy/training/Difetto1/RRT-94R_Img2_A80_S2_[4][37].png,RRT-94R,CR,227,227,L,90fda3c6e1ce4cfe87698b0305166b98f87ad97a1657e09615228f98990a6721,6d1133b74f64d859b968f3cc076cc2677d2aec032781bd68208ffa5789c95d48,10632945393837326263,training,application,application_CR_030
DB - Copy/validation/Difetto1/RRT-88R_Img3_A80_S2_[4][20].png,RRT-88R,CR,227,227,L,2655437e19f41185c325bca8989aa93677402fb96cba577e9d1dd3576203ae2c,215487f987cf8736fbead672140797769489ea7ed7c121687492b97304a9b948,283128547581025,validation,application,application_CR_031
DB - Copy/training/Difetto1/RRT-88R_Img4_A80_S2_[7][7].png,RRT-88R,CR,227,227,L,a321f1327c4f04668ac1d7b6e0918574937630a1ee73accd158a1c58edb04b1e,e85f56d887b46e8bd358dff0c2c7f2612f1ba7ac0a5b2a0edea99ec1f062149f,9944392421306936463,training,application,application_CR_032
DB - Copy/training/Difetto1/RRT-88R_Img1_A80_S1_[11][36].png,RRT-88R,CR,227,227,L,97e72041349debe0535b134440836ef1a8fa524d26f228a1c22c404dda97f7dd,e03f1f7d70c0bdaf81e2663bece94dd55a7d8b703f516e51f0d1ecb2b1f18094,8080237045907769556,training,application,application_CR_033
DB - Copy/training/Difetto1/RRT-88R_Img3_A80_S2_[9][9].png,RRT-88R,CR,227,227,L,470dea878ee37e6bddc06dedc2dd19cc01323c23eadf32b9e0c193853fb40a59,47a2e10ef438524c3fb7bfbe2aea9617d7eac45ee993e8521f082d4896e11d01,208234656644569485,training,application,application_CR_034
DB - Copy/training/Difetto1/RRT-101R_Img3_A80_S4_[15][3].png,RRT-101R,CR,227,227,L,167d339df53fc22a33ded2e69e70b788d4420872186da6bf84d6d8d4189c9ca3,f7abdffa3acf4cc65d8108ac503d9cdfb001c95066577ffdfd2fc9a641f7ee7c,9223736127524259651,training,application,application_CR_035
DB - Copy/training/Difetto1/RRT-88R_Img4_A80_S2_[8][8].png,RRT-88R,CR,227,227,L,b1fe8ae75ec8d6c74130c206a1271f066b2d28ac52401bd27580b76fb4d9f2d0,56470e15cf750b14affbeaceb8804d289d7339c314d0742e638c7d7c1ad8b742,225586139922242670,training,application,application_CR_036
DB - Copy/testing/Difetto1/RRT-88R_Img4_A80_S1_[11][40].png,RRT-88R,CR,227,227,L,2fdb7928a26ec341da90bd9a970e50799ea56327caf594075067f6a37e85294f,e4b7ef78a58e263892320868cac3802f278adda542c1757222ef5bc254dbcedd,531635896328701771,testing,application,application_CR_037
DB - Copy/training/Difetto1/RRT-101R_Img2_A80_S3_[29][16].png,RRT-101R,CR,227,227,L,01cabf05c43b4d08c89b35e1bd6e5c07232a40b135cd7d31d4e6212b207f8eb3,683eefa583cc2cd58bc2a5d787fbd98801586e1c4ff53bc00b744f9717806175,9916111757553634310,training,application,application_CR_038
DB - Copy/training/Difetto1/RRT-101R_Img2_A80_S1_[19][8].png,RRT-101R,CR,227,227,L,3712f7931ec0393852e2ffcc1f818234763ac4b628859b0dedd33d45cb7048dc,e41cf736bad7bcb9006088d647bd6650c64af49858c8745643c83c06ff5926d0,9665593854478998906,training,application,application_CR_039
DB - Copy/testing/Difetto1/RRT-88R_Img2_A80_S1_[9][35].png,RRT-88R,CR,227,227,L,588f50268e82fbb1c14e505ad06a37f7254e66e2e4edf9ddd2f26b8c2bcd9f15,3e85f41ab4b3eb164636d505e3c68ddef9fde427991909e46073f2bb3ecd351a,8662735530571867044,testing,application,application_CR_040
DB - Copy/training/Difetto4/RRT-20R_Img3_A80_S2_[4][57].png,RRT-20R,LP,227,227,L,ca06f216c94d4a393c3abb91af20e9ef762a95eb4d29fa04308e0fd7aae55528,b15a037910fddb91d2d37f42c5ed2960ff5500c569f5e17dbdae2882a409d2a0,4940932734733816451,training,application,application_LP_001
DB - Copy/training/Difetto4/RRT-20R_Img3_A80_S1_[3][61].png,RRT-20R,LP,227,227,L,08d536ab2703fde8abc8aa35c73eb1789d88d21ed8f858eb75f56a03dbc22fbe,0aaa72c8de3eeeb3eb7eb8cac72105a6df939e0ea47bd32b21681c6df86e9067,8260471825877837350,training,application,application_LP_002
DB - Copy/training/Difetto4/RRT-20R_Img3_A80_S1_[7][5].png,RRT-20R,LP,227,227,L,49247dfb24e9b2c751bd49bb0c51c84398591cb283fc8ead7e3aa141f53102c0,6bf5a64ffbaade69c8106ae614c4c0fb58ee3d6f8df3215ff53f9bf23a8e5a6b,56126770201510016,training,application,application_LP_003
DB - Copy/validation/Difetto4/RRT-20R_Img3_A80_S4_[8][87].png,RRT-20R,LP,227,227,L,752a4ad3085035a930afbcc68f216ff1badc49bfeec2415143ede8a242713bb9,1d8b669ac780f2505f109c7b4f4c4ca1be6d81db3b7709fc69eabb9df98b5798,11999890020069949460,validation,application,application_LP_004
DB - Copy/training/Difetto4/RRT-26R_Img3_A80_S2_[11][43].png,RRT-26R,LP,227,227,L,bce4f62f87027a4262649e7b4fc1167b62382627127f7e8b3f7c09c69354637c,f1089dc3296c8c7a04f51f0eace753b757917a172640df774b9367a1157c2d05,9703085053389580682,training,application,application_LP_005
DB - Copy/validation/Difetto4/RRT-26R_Img4_A80_S2_[13][42].png,RRT-26R,LP,227,227,L,f740537335fdd8899c0f80e7a0e9276239b9b60f532255de0679d3287eaac1b2,02db3af6b4c2c76805f001ba2bc13d9a2046d7d076b14f9e6a94065edfaf96d9,3763096518702486994,validation,application,application_LP_006
DB - Copy/training/Difetto4/RRT-26R_Img4_A80_S5_[10][43].png,RRT-26R,LP,227,227,L,7b589a77aa7d65df7e0e190d3e3cdb36ece18fafd17fe58a9d113ae8419586c9,a93dca0e093fc3c9e0a5ef3891befa88f749c65405760ae3e3a4f52b0fca2fe8,15320446657123544150,training,application,application_LP_007
DB - Copy/validation/Difetto4/RRT-26R_Img4_A80_S4_[9][28].png,RRT-26R,LP,227,227,L,5b9309e64d89f3fad510e561d6c665f671bee599636bd1eb95954d206848d7f2,e98c5bbe15ee5a7086fdf799c377b19a5bc4d0de98b1209c14ee75c10bea7e14,3716467052851682566,validation,application,application_LP_008
DB - Copy/training/Difetto4/RRT-26R_Img1_A80_S4_[9][74].png,RRT-26R,LP,227,227,L,a8ac1f5f91fe5acda80df834862b50a42eaa237024d9ce6d81bd880e75cfdaa1,5d154aac239b5cca11746daf4a44d885d00cc0d6d62b433c86528b0a9943c78f,9823973744111534736,training,application,application_LP_009
DB - Copy/training/Difetto4/RRT-20R_Img2_A80_S3_[9][49].png,RRT-20R,LP,227,227,L,9f95d5d49f6333822d5c7e8fc97c08c9fad942e7a46c29d4a45b55202d518149,17865914ed00b9d7fb6c91c794545ada3f33ee39141c62be1eac2a8133031102,9355217891387265104,training,application,application_LP_010
DB - Copy/training/Difetto4/RRT-26R_Img2_A80_S4_[8][82].png,RRT-26R,LP,227,227,L,fad1d3ceaba7ddb59864602964fecb9aabff986024fce50201a6f64022f29a61,ceed8b1bd69d1145f0ca261945f7222ec2084b981939218ed413984fc3371335,8454145232690142619,training,application,application_LP_011
DB - Copy/validation/Difetto4/RRT-20R_Img4_A80_S2_[3][11].png,RRT-20R,LP,227,227,L,52f8b7d606ee0823135e0238e0063d5b840cb4ed578ad0314562225451780871,01dfa9fe0d225304ec99eb807bd790e0915c15733986fbf8f839f03f0c63adde,16656152138552952116,validation,application,application_LP_012
DB - Copy/training/Difetto4/RRT-26R_Img2_A80_S4_[11][1].png,RRT-26R,LP,227,227,L,7a4a19086c444129c3b10d80d9733e5671c0bf1ef0ac5ddaed974cb9f51a4563,3ca8213b40acd1b6bef801404c6fe04bdc1e30903b24116f0968fd9fb1c86755,7993023721928235353,training,application,application_LP_013
DB - Copy/training/Difetto4/RRT-20R_Img4_A80_S3_[9][13].png,RRT-20R,LP,227,227,L,0c1684e832bc3788d0187ed80b2c710f9bbc7a811b2402cf22f5c66b23a6c8c5,c197d5e6c18667fe8d33b008c7fecb5293fbfb55e09bfe79d7ca81ec8fca3300,4832415868830664868,training,application,application_LP_014
DB - Copy/training/Difetto4/RRT-26R_Img4_A80_S7_[7][15].png,RRT-26R,LP,227,227,L,37e6d4d73a043cd07e910e847d08f46a971f50944359741577618384e6330638,410411bfa4ebfaece513517e145fc0980a2df66b9b2df6c5063f672981013f6d,895130909001264333,training,application,application_LP_015
DB - Copy/testing/Difetto4/RRT-20R_Img1_A80_S1_[3][31].png,RRT-20R,LP,227,227,L,51950c2df2784116a7783d66b17abb484aae9d0204afe168b7d62b72b3e6dcab,76e7da8c3b403b042d186b345b263247ffa45d2811900d26ee2f1b2319c18b9f,4693313900265882176,testing,application,application_LP_016
DB - Copy/training/Difetto4/RRT-20R_Img3_A80_S1_[2][2].png,RRT-20R,LP,227,227,L,0bff42c49c1ea7f84928db062fc50fe9db6de241e553a07a6f789d8164952943,2e1d14fa959d4ff0c888a3cf4973aa3353563dc6dfe1f6db0cde5171e779097b,16204216307680340172,training,application,application_LP_017
DB - Copy/training/Difetto4/RRT-20R_Img4_A80_S2_[6][87].png,RRT-20R,LP,227,227,L,346fe7d793218d3727816463baf35479b40708e0a2add9f0bfcd44aaabf8f140,9f3b785cf8a222502a8bf9f8cc73b8a54f1fbf6e1482bca2d1000b8c7eaaded3,5957362730641834597,training,application,application_LP_018
DB - Copy/training/Difetto4/RRT-26R_Img4_A80_S5_[10][28].png,RRT-26R,LP,227,227,L,fe4a524eb4e7e2b2fa5258954bd253a72cb23096bc5714ba4be08f99d49d0ff9,e5ee455ec7cbc8a0e3d20886dd2ecd7506d9df0b79750c0846278bf4f0da67d1,12993105827574878889,training,application,application_LP_019
DB - Copy/training/Difetto4/RRT-26R_Img3_A80_S6_[7][3].png,RRT-26R,LP,227,227,L,69b2830cfa254cad8ddd0a78b11256cf2be048425a0fea4097b4e3e67cf072bf,74e2cf9f493a25f98f776f7b030d6c51aab1f9e2b70e5c376f31ffd2f87b99b2,16564752821826970530,training,application,application_LP_020
DB - Copy/validation/Difetto4/RRT-20R_Img2_A80_S1_[2][37].png,RRT-20R,LP,227,227,L,cbc4244b9d59cd2943eab66799d91c5362ae7c0e3508a821c776390eab8d25cd,17f122c650546e13748f50c5465b02db56e8dff451e1bed9a1b1d45b6c58d2bb,5225339236969096204,validation,application,application_LP_021
DB - Copy/training/Difetto4/RRT-20R_Img4_A80_S4_[11][74].png,RRT-20R,LP,227,227,L,4e5c049fb786bed32ed96f84bba5fcf201a86d210409f3caf6f336fae1095370,86e131a43fce7d93ceaccaaf293990f5df0e462025122032d0bb6fda23f6bb52,10743001337933344918,training,application,application_LP_022
DB - Copy/testing/Difetto4/RRT-26R_Img2_A80_S1_[14][26].png,RRT-26R,LP,227,227,L,6701b8630959895748155d07a624d4483460f98a6bb5d6e7221738464f1a3f20,d6eedfcfcac1d7b50e52a769c2169e90245ace08b0ef7aa1ecc15fac31a0522f,6705183650299286038,testing,application,application_LP_023
DB - Copy/validation/Difetto4/RRT-90R_Img2_A80_S5_[2][10].png,RRT-90R,LP,227,227,L,a4cd2e3311d0b6bc65747fe92b9c8abe82ef6c74bd2d0f18d996a36040cd2064,bafd7530f9e12c25e099305316a456ef1dbf95247df088823358f80184c425db,2305920527014830208,validation,application,application_LP_024
DB - Copy/training/Difetto4/RRT-26R_Img2_A80_S6_[10][19].png,RRT-26R,LP,227,227,L,2a0221e50597c6f4548fd2ced970c608ae6917ae045cf21eb548310898e09adc,b0f30ba83d936626b303edb714ea56943660fc9267d12d717193862cf7a22ea7,2705140083299078994,training,application,application_LP_025
DB - Copy/training/Difetto4/RRT-20R_Img4_A80_S3_[10][79].png,RRT-20R,LP,227,227,L,5e251857be6a8d0571873c638a2658d42c6044a3a5a7c90d25ba67b86651a7b3,fc92b3fc84c1d56a4c616abc78e6fabc257ddd42e2f27d5553752146ffe13e28,7973252938593691470,training,application,application_LP_026
DB - Copy/testing/Difetto4/RRT-90R_Img4_A80_S3_[6][2].png,RRT-90R,LP,227,227,L,0cffc77e5b7769e969dd68254e4759ee045473a475b0321a61a025b45a21bd4d,b3d174c4b75754377931619592aaa85408398ceac56755c62912627885d34950,4701761940958029156,testing,application,application_LP_027
DB - Copy/training/Difetto4/RRT-20R_Img4_A80_S2_[5][88].png,RRT-20R,LP,227,227,L,f47103083f9550c35b4dda33dce4f562c37933bb7fd3c468781e3180893a8a6d,a3717b7453a2c31e9f2a617ae6e9f4256e945e57e2dc24e4ba05955816b92805,11719590614161702020,training,application,application_LP_028
DB - Copy/training/Difetto4/RRT-20R_Img3_A80_S1_[4][75].png,RRT-20R,LP,227,227,L,5ca6f27db2a485d37dff27f5108b8934740df53e774421739026bf3c14c9e436,217b476decc495c04ecefcef05afb77a1982e2823c20621a6896fd6378af0c4b,9852665086058210716,training,application,application_LP_029
DB - Copy/training/Difetto4/RRT-20R_Img1_A80_S4_[10][43].png,RRT-20R,LP,227,227,L,5e31282b389bcb4199f9fcafe5e71a158b369db70f8e3f36e9405acc93aea7ca,0d55ba1c8381cc594ac7842589cd93aa12a324d3498ab218a5666a2ff0d5389a,4415226642442,training,application,application_LP_030
DB - Copy/training/Difetto4/RRT-26R_Img2_A80_S2_[13][24].png,RRT-26R,LP,227,227,L,f0a7135eea74d44b866c71a67f993e749e462fc5ffc2ef1bc619cb7fbc48da7e,aea6ccbdaf5766b1030cb581f2f5c19b49d5a2036c9919d3a7e8558f421725f7,5492150235097628969,training,application,application_LP_031
DB - Copy/training/Difetto4/RRT-20R_Img1_A80_S1_[7][6].png,RRT-20R,LP,227,227,L,c5a8e783542a91257d991d8c9555c50b86bedc494b4a0023208e780ac02de5c0,e1278dc61408e8f30b1b681145ad2facdf39e15a84b29b281cc7f29cad477255,73339624604401664,training,application,application_LP_032
DB - Copy/training/Difetto4/RRT-90R_Img3_A80_S1_[7][31].png,RRT-90R,LP,227,227,L,01328cb17dcd92107e6fbe9a4fee38524cf2d8cda5eb428b5c9ed46d8e856e6d,3bcc63c4e740438695e34ae582da27ab6e7c9fb4346db3a6a3e2ec66ad8f60d2,11337075959611556050,training,application,application_LP_033
DB - Copy/validation/Difetto4/RRT-20R_Img1_A80_S1_[4][49].png,RRT-20R,LP,227,227,L,4c3bc7023d76f6ce602c54a4669c10878327879fb6a59e7fb177acb20f9a317f,36195c0c3db93328c57cc7d586999fa3b6b580c317437bfcfe34e740e892a652,2286984188133376,validation,application,application_LP_034
DB - Copy/validation/Difetto4/RRT-26R_Img3_A80_S7_[6][36].png,RRT-26R,LP,227,227,L,3600b8c89121ce18caa8c9c0dda7ab3d22c65b6ead8df95495edb5a63c4e828b,a9cf2cb5faa4ec695912a355e80c2c53783c5fed86549ac3932bc91685cefec2,8443470295318727433,validation,application,application_LP_035
DB - Copy/validation/Difetto4/RRT-26R_Img4_A80_S4_[11][87].png,RRT-26R,LP,227,227,L,90c8713aa79f8cc1b4205f3271fee43f72437376ec4649a736b68e3c49a61f03,656f6c914c7688f6613093da86624acc4b9b45bca6ff4152f431caba2ef8a036,4312421133803824716,validation,application,application_LP_036
DB - Copy/training/Difetto4/RRT-20R_Img4_A80_S3_[8][42].png,RRT-20R,LP,227,227,L,476754ecbde91c46cebc6dcf9e6875462392b7cef90b4355a6fdc96cb014f43c,9e3a7127f8b5019ee2d64703f1cbd1a52322144e1cb98b921664bda8499cf0d3,12938301339744785581,training,application,application_LP_037
DB - Copy/training/Difetto4/RRT-90R_Img2_A80_S5_[3][8].png,RRT-90R,LP,227,227,L,d3960a3a3436e42d41144004da059f5d4b4cca447d1d98e369eec4568404b6d9,fcdb8cf3230fb62da0efd54cae6a03e240aaeb9f48e617a7009bbfd62875e485,9259823739985232000,training,application,application_LP_038
DB - Copy/testing/Difetto4/RRT-26R_Img4_A80_S2_[11][4].png,RRT-26R,LP,227,227,L,4ba5bd9f3fa35269eb28670b995b437f15625cfa6d788a6cc1a7ef71c5e2540d,03666056bdd35e9fae975022c1cfc8283055d0277b2899424e8e49d085ca9bb4,7609284199065852582,testing,application,application_LP_039
DB - Copy/training/Difetto4/RRT-26R_Img3_A80_S4_[12][31].png,RRT-26R,LP,227,227,L,0250cc8a8ebb569895532d844f7459c816b0abea5ae776fc3d2b0a33fe291cb7,8cf42e870569bcdbf78137d879aecf9e4834787190127a266030f8709005c71e,10342327231270069290,training,application,application_LP_040
DB - Copy/validation/NoDifetto/RRT-94R_Img1_A80_S1_[7][28].png,RRT-94R,ND,227,227,L,324efa6ca294704282723d004e9517fdf8bb5441a3542c8c591a738630283288,eff2eeed842cbc44499f82692ad52423434d02709c32ac78dc4a8d984a36d86c,6224733567900291905,validation,application,application_ND_001
DB - Copy/validation/NoDifetto/RRT-15R_Img4_A80_S1_[3][101].png,RRT-15R,ND,227,227,L,437a84e6bcfcc13c40c5a1726b26115c86222e4a95a0929660e0c881fc0d1683,111c533b14b8df701be5d4790790401d35f958c811cbd9021621a858c0934e35,3114605892093777293,validation,application,application_ND_002
DB - Copy/training/NoDifetto/RRT-94R_Img1_A80_S1_[6][38].png,RRT-94R,ND,227,227,L,61564226735635e88903cf330007e82c87144533da6d5c8e56e8a08bbf8d008a,540d1acd9d0b40d68c85f0c65e743e5b895f4da86c85151ece9e62d0eba4ab64,10562272140688010349,training,application,application_ND_003
DB - Copy/validation/NoDifetto/RRT-39R_Img1_A80_S2_[6][18].png,RRT-39R,ND,227,227,L,81603d60c7b3e6f4f872b0110a363160cc44aef04558cfbd17fe1431c37e1a1d,2272dcbda40509d5fbc8ed94b7db139044864472df38d9601948e90e74ae1224,1299292948575487305,validation,application,application_ND_004
DB - Copy/validation/NoDifetto/RRT-94R_Img1_A80_S1_[3][35].png,RRT-94R,ND,227,227,L,338ac73809066b95e708e1cc088fd7b9a2ceceb0d46d70246d98f07b2061eb5d,31865e4cbde78a8a21192f52cee8de10b86d2c7841f5a300f7c73b44e4fe5045,12463805268242413974,validation,application,application_ND_005
DB - Copy/testing/NoDifetto/RRT-15R_Img4_A80_S1_[8][62].png,RRT-15R,ND,227,227,L,276282254034ecb2a2b58d9edbd84bd8b104d923928fb76eabee2c70d826bad3,a9ceef48598de8b09739eb97ab9d3fa757d34850791a9bfb35b185dff2d0d7f8,11801229973582921768,testing,application,application_ND_006
DB - Copy/training/NoDifetto/RRT-40R_Img1_A80_S3_[16][52].png,RRT-40R,ND,227,227,L,9e2d15b50d31f226c22c31507fceaac799f4058b706ac1a8e87674e22128bd0a,fcf3d3630d9ac02d55ebaa7728b0f1392b74e465456fde47cfee4a4f07055011,9674658892761597474,training,application,application_ND_007
DB - Copy/training/NoDifetto/RRT-15R_Img1_A80_S1_[2][92].png,RRT-15R,ND,227,227,L,44fe10fe3ed4baeaeea51dcf493cd2e0b7349f8546cea0ee9caedeea7169c580,398721732b6a9b0b2b7c8438dc6e32a89f7ce9e6a1dd6d7bff4e4409073a2aa1,585507672024191490,training,application,application_ND_008
DB - Copy/training/NoDifetto/RRT-39R_Img1_A80_S5_[18][37].png,RRT-39R,ND,227,227,L,f6035d5d18f67da7ecdc41750c3b46294eaa665f20ac317922bb0527fd072f16,864999fbfc37317c870d789c2d740d3346cc4e146272e74b811f18ff67efc9f9,4711891664187166720,training,application,application_ND_009
DB - Copy/training/NoDifetto/RRT-94R_Img1_A80_S1_[11][6].png,RRT-94R,ND,227,227,L,f52006b1c46c20dda9b9c16bb3edb97f788dd53e1eded1ac1495cd5ef9b682c8,44909c65b1d58d79ade7870f1c8d831c97039ce4dde68616997200e5c6e5d833,9558209339769487392,training,application,application_ND_010
DB - Copy/validation/NoDifetto/RRT-15R_Img1_A80_S1_[1][33].png,RRT-15R,ND,227,227,L,4a66beec14126ed63715eb4982dca8a65f7e01a6b6a9ea981b153f106ba751c7,4ecdcaf137f3b4173c6ebe92a4c76d18ec6c9a1b46666bb12e0c4cf56b277469,2607884576761423378,validation,application,application_ND_011
DB - Copy/training/NoDifetto/RRT-101R_Img4_A80_S6_[31][6].png,RRT-101R,ND,227,227,L,9b6755b6319a0c626e988cb334ae12561cca86ad7cf11ef37da09edad3c7580e,c5509492d49a188585bb3f925d1564fb64b0edba56097244139e8ab5559ce6e7,3761711961781148489,training,application,application_ND_012
DB - Copy/validation/NoDifetto/RRT-94R_Img1_A80_S1_[9][43].png,RRT-94R,ND,227,227,L,ca3f01d1dcc4ec2196fcaed56a02cb716b48d292834c00fc56d7b0dd635e0946,861c540a88e8bd64b4dd6c48666a72c4348881f31c6e4f40ea49f4b9b26350e6,10778118902921237258,validation,application,application_ND_013
DB - Copy/validation/NoDifetto/RRT-39R_Img1_A80_S1_[8][13].png,RRT-39R,ND,227,227,L,ab43575c989e01b27e3ce978ab53e4c3608fd11256718a037590371be9875e3a,b3249a5203ed20475ce809629d2223cc30b05c4944461efa55cb9ddd5c05a971,9150694314740806,validation,application,application_ND_014
DB - Copy/validation/NoDifetto/RRT-40R_Img1_A80_S4_[12][8].png,RRT-40R,ND,227,227,L,b5b99d92345d31674e3bd4e4dc1b8d44ca74380984bbb2cb8fff221b3bc24d4d,aa053ae3e173a50bd8dd9eadaa81d6060d9ea35942caa6b1e4d6b9c0461e2f2d,2445882914393589953,validation,application,application_ND_015
DB - Copy/training/NoDifetto/RRT-39R_Img1_A80_S1_[12][33].png,RRT-39R,ND,227,227,L,e9c11d6a8c84069b7aa0e93236315878a072f2789870ec18932b98c66f4d8b4c,533d27f5f6a5e67b7071a4f6b9c01dacdfb10da0deb288bbdb8d1efe2b85ca7c,10396574218196366131,training,application,application_ND_016
DB - Copy/training/NoDifetto/RRT-15R_Img1_A80_S1_[1][4].png,RRT-15R,ND,227,227,L,1760b480c4a7e02a248199c41bbc868f5cb558ee1543e3c5910312cbb539c90d,48fc7f92c2741917eccfcc5bb43f9bf6ebc1cd4313b3c2aa2a936824e3908d1c,13248162847061830502,training,application,application_ND_017
DB - Copy/training/NoDifetto/RRT-39R_Img1_A80_S1_[13][43].png,RRT-39R,ND,227,227,L,e69fbc111e9a74b3d537d1dd14d1b7724a73b437f8fc919d052faf88617eb590,98c7dfdada3444ffcdba28436298e15176a4b269034461cfa8d2d6ab99b821ab,9260388338192368272,training,application,application_ND_018
DB - Copy/validation/NoDifetto/RRT-26R_Img1_A80_S4_[3][81].png,RRT-26R,ND,227,227,L,410228fa8526e0fbc527b5670104ccf1b33469f46f6e3b11f07c8c01ac967b6d,76390542b3c778888831015654097748b69f74ccd9828923e90c7da51fe2cbad,4621838125100966164,validation,application,application_ND_019
DB - Copy/training/NoDifetto/RRT-15R_Img3_A80_S1_[6][53].png,RRT-15R,ND,227,227,L,60169c1f627e7a11a20d9854593a356505b0190cc4b0cb1bfab495ce2e0b5b79,c8ec6118362314cb60c27b0400e97908f87e652808657ee19e95adecf2d84f6b,12442543524677302097,training,application,application_ND_020
DB - Copy/training/NoDifetto/RRT-94R_Img1_A80_S1_[12][36].png,RRT-94R,ND,227,227,L,dc42fef43a087609bc9e5934cedfcc7d9da0f7254e4d7987ea5ee4fc67f7ce63,e66471d0e0420a7dc745c7031a5bc2f3001221108ca5afacf47cef918735c642,18404922428517591848,training,application,application_ND_021
DB - Copy/training/NoDifetto/RRT-90R_Img1_A80_S2_[11][7].png,RRT-90R,ND,227,227,L,9eb4337e4d306c94bc189a3ec49a5ba07b1fd8502e7fe37d21ca1f11e1cc2d85,d585322059179b35fd799bafdb11bfbc0f5e08bd71edbaefd6ae02a1add5515c,9007199254773760,training,application,application_ND_022
DB - Copy/training/NoDifetto/RRT-40R_Img1_A80_S3_[16][26].png,RRT-40R,ND,227,227,L,2f4e07dbee57501d853de7076a6e81daf21efcf91bc6c044d48cdf7f408b7b3f,45ae3634f858e7f8644155115e66dbb0e07865b82f2fad72813208fb95b1cfa7,5285287002305375071,training,application,application_ND_023
DB - Copy/validation/NoDifetto/RRT-39R_Img1_A80_S4_[12][6].png,RRT-39R,ND,227,227,L,e7ae42d7ece97e2ff62a5f70c89a9f11e97db0b920ef892ce1a4f1bf93483a8b,343ee6b77e01c4417ff9be269c3a128e308ff33b7a040a03e7b11dcb02c7fccc,6967289370107294832,validation,application,application_ND_024
DB - Copy/validation/NoDifetto/RRT-101R_Img4_A80_S6_[31][3].png,RRT-101R,ND,227,227,L,59fed821d86fffa4717e5b51bb7e0f1ce9671348d002fb1b7c2272e03d017631,1c6b3919dac01e51f9771faad9ec0d654d59ae32f96f96b77d17beff1a0732df,2756836587697883989,validation,application,application_ND_025
DB - Copy/training/NoDifetto/RRT-90R_Img1_A80_S2_[10][17].png,RRT-90R,ND,227,227,L,2a8aa3fbabc0e304f64620c3ddf50c76d8daed70aca2b22f19966e9e811e16de,4801b814791d5fd03ca0faea995050e3e90dee243daba618e14cc61151be6fe9,2310417123647700993,training,application,application_ND_026
DB - Copy/training/NoDifetto/RRT-15R_Img1_A80_S1_[1][160].png,RRT-15R,ND,227,227,L,2bc2da9fc8f0ca7e803bbd455d8ac4673498729e24004dca9f67c54dc2d78706,5ab6c48a68f8aa3594da8da22efc9cb7b48562a40b5ebaee0a6ec9136e2ca1c8,2597004710809707522,training,application,application_ND_027
DB - Copy/training/NoDifetto/RRT-15R_Img1_A80_S1_[1][19].png,RRT-15R,ND,227,227,L,cca9cb9839b70cf1945206fb50a451cc6a62d8e81e72f9ba1b229b5bb5f7729c,50a960f9436b15d6bbdd4207bc1e5b5afe180c5560697bc0aceab7e665e1354c,8563116169066432882,training,application,application_ND_028
DB - Copy/validation/NoDifetto/RRT-94R_Img1_A80_S1_[10][9].png,RRT-94R,ND,227,227,L,d83e5d9ee225b2d41d76f0dc62be702c186618847a5d45b164c51d720d0d6fe8,29030771ac3b9a1fd2dfac990f1658bae3f5a628ad35fe6239bb12bdb1173f1f,6945158294676849926,validation,application,application_ND_029
DB - Copy/training/NoDifetto/RRT-39R_Img1_A80_S3_[9][11].png,RRT-39R,ND,227,227,L,eb6687f15adb703ff3e5af4eba73ec928b330e7b2c2aec0ca0c8a058a3362891,fb6269c5603977fa97e8e2a431a2c6dc723ea25e78fa6ac692d108937fcb3465,2605933014832253478,training,application,application_ND_030
DB - Copy/training/NoDifetto/RRT-26R_Img1_A80_S3_[3][56].png,RRT-26R,ND,227,227,L,84b17c571552954b6cdec8b4c8733f91f97b197265b49f060f7fd4262015052a,ca80ed6bbf8a240c9c43240e718c7e01ae50e3b916b03e64c889a494b4f7c8df,3174004405315905884,training,application,application_ND_031
DB - Copy/training/NoDifetto/RRT-94R_Img1_A80_S1_[12][15].png,RRT-94R,ND,227,227,L,5b740af57cc21a2314fa5734ee56b82f6b34346854015bd9ced3428f26e75210,fc6221bc8f6980a1dae976938fa9ec5260f80e1f37bf523b1f8f355006796e1b,4614087405947538798,training,application,application_ND_032
DB - Copy/validation/NoDifetto/RRT-15R_Img4_A80_S1_[7][123].png,RRT-15R,ND,227,227,L,d4c728340a90d6a416e6ef67b0cf735bc012508373e6507027046f88bb0b6b2b,b421161186639a956dd0b748d364cd1629c17fc393ada39e04e32498cd2e70cd,6929444240176220779,validation,application,application_ND_033
DB - Copy/training/NoDifetto/RRT-15R_Img1_A80_S1_[2][164].png,RRT-15R,ND,227,227,L,b483fb0b4738d658cf9e532e0cd358d045d9595e78d6588e5d98691d6cb7deec,8a54f191d130051c47ba2ad6dbe1c2e17cec746154e7275b5c197eee5fa7d112,11766291958032649090,training,application,application_ND_034
DB - Copy/training/NoDifetto/RRT-40R_Img1_A80_S4_[7][41].png,RRT-40R,ND,227,227,L,12c61869b6825291efe6343ead37ac35ce2a6280a01b8300d1b2e1c7a9528b04,bafc6e54a1fcf3bf0aaa5e536291b3bd7f8881612d11c6b10e7e1aa4d7d51d75,9677413793906653240,training,application,application_ND_035
DB - Copy/training/NoDifetto/RRT-39R_Img1_A80_S3_[9][17].png,RRT-39R,ND,227,227,L,a93071b14f1b3321110f9cc82090596e6d8d97f921ac681c2e76346852db7afc,6ba8d2ce78598ae0a09d9357142c88ef800fcae2c69230c85be35c23b5fce4a0,4180541218711012418,training,application,application_ND_036
DB - Copy/training/NoDifetto/RRT-15R_Img1_A80_S1_[1][116].png,RRT-15R,ND,227,227,L,8c610f5723b167dec12aee4503f12f083059011e035ed884416417f5ab14f228,e3d41caa9cccf6ca0d095a02af0838cabd9d0cd9c43838c2816285be256b5055,11135925381814882324,training,application,application_ND_037
DB - Copy/validation/NoDifetto/RRT-15R_Img4_A80_S1_[8][148].png,RRT-15R,ND,227,227,L,25b2561aa0818dc2871c4031194aec66cb1b4e929783e8839c1f3a31510f4dba,374da360e569c2ed97063dfefd7890c7ec4bbe5d58b786f96ec16c56569b4533,9921053651173794129,validation,application,application_ND_038
DB - Copy/validation/NoDifetto/RRT-39R_Img1_A80_S2_[4][13].png,RRT-39R,ND,227,227,L,52856e0b6be87d4b7e8f4f95d5298f3dbf169b921f47ed7292721abd58ecc5c9,461caa8d41a7f5ef08cd45a241ae99fa9e642a695f7c912cb7e89a30e68ee3bf,9837585809929667616,validation,application,application_ND_039
DB - Copy/training/NoDifetto/RRT-40R_Img1_A80_S4_[12][13].png,RRT-40R,ND,227,227,L,fc075f89305eeeed9f6eae47056ce463b0fb2c1437ad4ce6a8716ab2f3069fa6,e41c88daf108d0c2ea228bd9fbfbc66f85f108c0eb74b0cee544e92e5ca22282,2459106136180475456,training,application,application_ND_040
DB - Copy/validation/Difetto2/RRT-39R_Img4_A80_S5_[4][23].png,RRT-39R,PO,227,227,L,ed2cad57a770824fb6cf7638c1940c431f679e9047526f082bedced69f627214,406678d5443a44ae2a5eb82b53b892fb7869b49a7f829d7b94e6a81dde299c55,12891053862524435002,validation,application,application_PO_001
DB - Copy/testing/Difetto2/RRT-26R_Img1_A80_S3_[16][60].png,RRT-26R,PO,227,227,L,bd65d10b719675ae1a484f587844a8697bb7e771c08e1d9302dc0f28e54b56ab,b109d0df1c5e21a7af1be6e7a88fb270c97e71213f71beab5e6c56fe978835fe,2531882866743985682,testing,application,application_PO_002
DB - Copy/training/Difetto2/RRT-39R_Img2_A80_S4_[23][23].png,RRT-39R,PO,227,227,L,80dcd5f005942d479629190670a2be05db4e8994a9e7a78d47d2f68773cfc7b7,8c805ad97eed39dfcc92b80dd4956ffff9162f3f307b05d800eea38be87b4a04,4846791718162604353,training,application,application_PO_003
DB - Copy/training/Difetto2/RRT-88R_Img4_A80_S4_[17][41].png,RRT-88R,PO,227,227,L,17ed37bd32af5046c4c84466d76020361afa488c694ad112d2983252c4c2cad6,bad25d55dcbafb93f95a749e5296ec953b4362043c48883b455dc264b937fb53,14457160432726438822,training,application,application_PO_004
DB - Copy/training/Difetto2/RRT-88R_Img3_A80_S3_[26][33].png,RRT-88R,PO,227,227,L,b70bf358195d55cc6f07a16837bdeef7d9b98b323010a3909f5d869a63c33913,7084f8ed7328bfbf68c0f79b1075b88ab5098496ae587055670efd5aa5599806,2413930091229819651,training,application,application_PO_005
DB - Copy/validation/Difetto2/RRT-39R_Img3_A80_S4_[7][50].png,RRT-39R,PO,227,227,L,e4afbc6e58dc6df13b6324b88a9f4b58c7edfbee645423578761d4b46e2f85c0,447c32ec76e2a881429b5fdda873bb7f6a69fcb47e57c65813a8827959b7796e,9693652981429764867,validation,application,application_PO_006
DB - Copy/training/Difetto2/RRT-88R_Img3_A80_S3_[25][33].png,RRT-88R,PO,227,227,L,da81b796018f596a6de8aac765d8be43ef2d65c6d47d37fa017df7641f0a0a85,d7156583255da17ab7759c203ec69ad418eeeae451d0cab90ad9643d38452089,7629555168301834547,training,application,application_PO_007
DB - Copy/training/Difetto2/RRT-26R_Img4_A80_S7_[9][41].png,RRT-26R,PO,227,227,L,b88d60e572a498a3ec1865bcbac051a146927c546820ef5424924cb3f5d3836e,c0239c9f3d96e5bfa6c9497dc9173dc464cea5b1da3852f74f1103a26c30e861,14304403781251666475,training,application,application_PO_008
DB - Copy/validation/Difetto2/RRT-90R_Img3_A80_S2_[2][32].png,RRT-90R,PO,227,227,L,e6a9e4a89d618d7f0cd0d1d1b41726c672c393f0c79ba7ce1750df95222b13b9,3582bb7973703053989a57d9b14c5ae79d1ffcca95704b2da52c38449ad2012e,7663175448336151088,validation,application,application_PO_009
DB - Copy/training/Difetto2/RRT-39R_Img4_A80_S4_[2][37].png,RRT-39R,PO,227,227,L,a9b0623485d2b222df69425b3c6ce3eff3c4035ab5319298946c9e71b606035c,0fa7a0c6e650c398a026cd1a45832318152b00cc5f099286ed4644765870aa6a,5420809599751240757,training,application,application_PO_010
DB - Copy/validation/Difetto2/RRT-26R_Img3_A80_S6_[9][10].png,RRT-26R,PO,227,227,L,ab443c5737e30091fc91d8c6565046d10332e5d611516b518dcd434eaf8701ad,935ae138d73a80f908d05ffbfa515be5d840a8ce94d16fad46a89d1898e7d827,6645641307258463259,validation,application,application_PO_011
DB - Copy/training/Difetto2/RRT-39R_Img2_A80_S4_[4][49].png,RRT-39R,PO,227,227,L,e7eca7bacf310fc8736522e33a0ba8177dd30b611a92a5438cf12a5802019afb,a5434aa5eb76adbcc3571d5cb0f26abec7050f922cb65460f37d30ff199fa6b3,4991608809083569027,training,application,application_PO_012
DB - Copy/training/Difetto2/RRT-88R_Img4_A80_S4_[11][13].png,RRT-88R,PO,227,227,L,a0403daec92b9636acc0483f3c990b35c905027d8f1f61f9a2a49bb274a2dcdf,94f3802b49efa38df8d7331376db14a39db2fcb532d7c0d03cc73656678493c4,13855897134876892924,training,application,application_PO_013
DB - Copy/testing/Difetto2/RRT-39R_Img1_A80_S5_[4][21].png,RRT-39R,PO,227,227,L,2d26332505a24804e11554da637ee1c4ad7167b732f69ecb8ea4be7c11620f81,bba2f5d74877781ffea0d52af3fc9e5aeda84ad4d169e6eb276de7b696d55b2c,16145411691969793551,testing,application,application_PO_014
DB - Copy/validation/Difetto2/RRT-39R_Img2_A80_S3_[6][59].png,RRT-39R,PO,227,227,L,962179f0f35d6b83865868567440324f6aaa321ef585bbc5685cbd45ed59d619,ab616e238fa393e18e9c76e39553598c32806f110ee7553be3d985c642cc123b,13966551074919416787,validation,application,application_PO_015
DB - Copy/validation/Difetto2/RRT-39R_Img3_A80_S3_[19][20].png,RRT-39R,PO,227,227,L,fd310d0b5c1025275b3fc1b327fd5b8dbd846b5a8c503c7ac66d46515fddbab3,5acbbb93231aafcd7ce4c387a43ce1024b47ce639777919d3cff1149b971f451,12188822953468863331,validation,application,application_PO_016
DB - Copy/training/Difetto2/RRT-40R_Img3_A80_S2_[2][87] - Copia.png,RRT-40R,PO,227,227,L,493553c7c4b588c13ba9041ecebd57b402cd68efdefb46637f2a02e6d69f67b5,0aea27259792d3db3f1b8d9ffcc3f425aee301cc6bc950bae5f47705aa79f355,2022757411379691561,training,application,application_PO_017
DB - Copy/training/Difetto2/RRT-26R_Img1_A80_S6_[5][7].png,RRT-26R,PO,227,227,L,aa8885beaab4791a3ff0e77fff69f5d9113cd7419bbb66aaa562d7765e81304c,9b9d8c9f002a78e06f978cdf5e0650853e35510433c32e0f436a437bf1cd383e,8245551247183511825,training,application,application_PO_018
DB - Copy/validation/Difetto2/RRT-26R_Img4_A80_S3_[11][47].png,RRT-26R,PO,227,227,L,656b74819a386b6cf59f45348804db7611aae699458dd4b4558a302662c91ddd,e4bd09d866ea1b7f085a4cbad8bc9b3dfec1a4c197c0c2fd60325119f475c330,17043257548141924813,validation,application,application_PO_019
DB - Copy/training/Difetto2/RRT-39R_Img4_A80_S4_[22][24].png,RRT-39R,PO,227,227,L,e4da38b7a344e3c0a7a02bd7b26dcd59c6ad5c676dd6045f9354d4cb368a415d,9b15a177af3b18dd0e7ffd430ac22885bda6c2613fe130c2760dbe428fe8d553,4946895119581890275,training,application,application_PO_020
DB - Copy/training/Difetto2/RRT-26R_Img4_A80_S5_[8][18].png,RRT-26R,PO,227,227,L,a30cc7ed531ed57b7e0a4a8205ae5a58114e6405371f379188d33646b3c3dad2,ee5ebc8bf3cc8fc07f4d4b4d9d654c9a6667befb256cbeb708394d4695ce2959,10548909584371757400,training,application,application_PO_021
DB - Copy/training/Difetto2/RRT-88R_Img3_A80_S5_[17][3].png,RRT-88R,PO,227,227,L,6b9fa9000f63348471af60d8ff8cdb8ffb95e592f44fc41bd387f56906d5aad7,15c7cdf417a2c97a883ef93139a415cb34968a1592c175d8fe743b13e6598c63,11285066415644843931,training,application,application_PO_022
DB - Copy/validation/Difetto2/RRT-39R_Img4_A80_S4_[20][25].png,RRT-39R,PO,227,227,L,00507c1bb09ab1d576e1e235ba047ac65585ef6ed6a89b55b36ebd4433de07ce,89ad824fd5b8bae30b3b87364ca02f613293afee34d487a85ee398f141cda8e1,3354205690230770836,validation,application,application_PO_023
DB - Copy/training/Difetto2/RRT-88R_Img3_A80_S3_[28][37].png,RRT-88R,PO,227,227,L,43b058392ae28d82c5060a47ca38d1998e1d1a4bd9a21231cebbfd74e1687a06,8e04761edc8438f317adbfef1c6d986073e6aeb87441ab38b05445cdd045e3c9,1128340328308832,training,application,application_PO_024
DB - Copy/validation/Difetto2/RRT-26R_Img2_A80_S3_[10][14].png,RRT-26R,PO,227,227,L,8be42b064fbd464b4912e0e7a6f831a898be70563ae8962c8f70bb0121d35ad9,638079cc49c0276e1c0c0083c706a99a024713f86178dfd163957f7a94ae2958,8689190869857142542,validation,application,application_PO_025
DB - Copy/training/Difetto2/RRT-26R_Img3_A80_S6_[5][90].png,RRT-26R,PO,227,227,L,b138dc207c32d252f7a5f13fcf128cb8dd2e493c29d6e8488dd0bd06c9b29b0e,e49852090bf5f631101932351f5800d2f25c8917985effd1f4ce94835c3d7dec,4230560364590210200,training,application,application_PO_026
DB - Copy/training/Difetto2/RRT-39R_Img4_A80_S5_[10][19].png,RRT-39R,PO,227,227,L,eb872cc26686cc64dcb6dd7c2c5c477f0751c900f45b498010c4fafcee99c6f6,8e8f1138ad5cc24b112887b99cd16cd74cd7047a3657bc775b2d3b74204a9058,15254239439855769447,training,application,application_PO_027
DB - Copy/validation/Difetto2/RRT-26R_Img4_A80_S5_[5][92].png,RRT-26R,PO,227,227,L,f05e4fa5426c43b7f960f59c44552b7b82b7257c11cc1777aba3bab662c5151d,f168262bd36eaab176f148c177d32360256f33eb5589ce6ab69353361b91f5cd,15141847172054208271,validation,application,application_PO_028
DB - Copy/training/Difetto2/RRT-39R_Img2_A80_S4_[12][40].png,RRT-39R,PO,227,227,L,546888bc209f96108a15e8f44f954f6d29971af6cfced7f0235c485752884bcc,f6d8356801c9403dd22b6212774d66b1dc5a59e7dfa47063c48e19980e59da58,7668637290276331295,training,application,application_PO_029
DB - Copy/training/Difetto2/RRT-39R_Img1_A80_S4_[4][26].png,RRT-39R,PO,227,227,L,d264779dc9ad1ee726d459eb7c756b733b3452fe3ef67ffa82c2bac9dc5530bd,89046761905f9ad7662542084cdcea248930910b747b23d108bdf299da0e364a,144823327453359373,training,application,application_PO_030
DB - Copy/testing/Difetto2/RRT-90R_Img4_A80_S2_[7][17].png,RRT-90R,PO,227,227,L,ce867dcb8f3462b4857f1f88a2cb003f4a4615f84a471c7e40b809b1bf21967d,cc9a397424fc293a957c61f19730c7104b2fa72a50f281c24152944580241306,1054524515055643274,testing,application,application_PO_031
DB - Copy/training/Difetto2/RRT-39R_Img2_A80_S3_[16][45].png,RRT-39R,PO,227,227,L,a3c9e1073bbd2d4e649ff144070b702221cf52c8445cd7b0d79f0fb5a1c4559b,2ebefa67fcb80776e7dd219511c7d6df114a0d5586aa0021500d2bcd85430acd,6672491021177002783,training,application,application_PO_032
DB - Copy/training/Difetto2/RRT-39R_Img4_A80_S5_[3][24].png,RRT-39R,PO,227,227,L,4eaf72ffbde430aa518bda7fd9c4a8f9cd9b01bf436ffcdbcc89cc2571192283,d0494762f89df06e490d08cfa7d6bcefab71d62e646fcfc2c8e74b5354791198,10620835237017445488,training,application,application_PO_033
DB - Copy/validation/Difetto2/RRT-94R_Img2_A80_S1_[5][18].png,RRT-94R,PO,227,227,L,8f020fcad53187c2672e37f0835e29267abb503dac3b5605e8f11a354d37481e,ebdeecc8b876a3a680d263800c9d39f9f7f9eda5304ad742d0147ed4c24c4d3b,219848479836409097,validation,application,application_PO_034
DB - Copy/validation/Difetto2/RRT-39R_Img2_A80_S3_[18][32].png,RRT-39R,PO,227,227,L,66c3f8e2448ef34d8f77af281e6c14d513ddfcf1c7e4d19e3dd3669e319ddd47,1073792e4b3338ae0f6b6482fa4af26234b1c9c08ebcb8cbd271586a985df6a7,941263507399533387,validation,application,application_PO_035
DB - Copy/training/Difetto2/RRT-26R_Img1_A80_S6_[9][8].png,RRT-26R,PO,227,227,L,2d70a8b2a247b4d4f1a4b53187774fd593146dead89f0cc0ae9e8de96faab400,11a30dc581c6a89f25f81e68f738f7714b5b86d81d3e3631eae59a85905313d1,6001683272698440070,training,application,application_PO_036
DB - Copy/validation/Difetto2/RRT-39R_Img2_A80_S4_[10][27].png,RRT-39R,PO,227,227,L,04e3936ffa155012fdbb7c053a539d5e0c6b52798b5586ce654bc0acf56520c1,608ed5fa1302b1c08e3b049974c02bb9c4cec294d9f665a8bb18a57918178dcd,6492528854074280910,validation,application,application_PO_037
DB - Copy/training/Difetto2/RRT-39R_Img4_A80_S4_[17][39].png,RRT-39R,PO,227,227,L,13e6bc0eb1777d83128c6e3aa31b05f2e24fb7097d9f98ecc91e4775fe3d682f,5a22e0c851ef4f37c94c7f3692ad925087817af732f87507dff94192f02d5282,2165684481592169672,training,application,application_PO_038
DB - Copy/testing/Difetto2/RRT-88R_Img1_A80_S4_[21][13].png,RRT-88R,PO,227,227,L,4eacc7edbb5d12b7773cac60f67439e80d2b4f083a319e2c5788bf4c93825b72,4897ef2cb99d03b736a658ae2f690020f93e54e2920ce434c4f02745c74c9b07,3836115720087501682,testing,application,application_PO_039
DB - Copy/training/Difetto2/RRT-26R_Img3_A80_S3_[11][64].png,RRT-26R,PO,227,227,L,5c9c00f2a6564299ca03374b21471fdb116d4530cb34a4ea130c76f8b2bab862,7c37b57e6ac2a403c4d41079949e1548431e1ef13027bc8a2180979368275c3b,1849018752171734254,training,application,application_PO_040
